Fuente Concat,Finalidad,Unidad Responsable,Monto ejercido
Financiamientos Internos,Desarrollo Económico,Delegación Álvaro Obregón,0
Financiamientos Internos,Desarrollo Económico,Delegación Miguel Hidalgo,0
Financiamientos Internos,Desarrollo Económico,Delegación Milpa Alta,0
Financiamientos Internos,Desarrollo Económico,Fondo Para Las Acciones De Reconstrucción Y Para Otras Previsiones,0
Financiamientos Internos,Desarrollo Económico,Secretaría De Obras Y Servicios,253461916.9
Financiamientos Internos,Desarrollo Económico,Sistema De Transporte Colectivo Metro,143549246.7
Financiamientos Internos,Desarrollo Social,Agencia De Gestión Urbana De La Ciudad De México,1049939450
Financiamientos Internos,Desarrollo Social,Autoridad Del Espacio Público,0
Financiamientos Internos,Desarrollo Social,Delegación Álvaro Obregón,0
Financiamientos Internos,Desarrollo Social,Delegación Azcapotzalco,4709208.36
Financiamientos Internos,Desarrollo Social,Delegación Benito Juárez,16579905.8
Financiamientos Internos,Desarrollo Social,Delegación Coyoacán,0
Financiamientos Internos,Desarrollo Social,Delegación Cuajimalpa De Morelos,0
Financiamientos Internos,Desarrollo Social,Delegación Cuauhtémoc,35440342.58
Financiamientos Internos,Desarrollo Social,Delegación Gustavo A. Madero,63121200.53
Financiamientos Internos,Desarrollo Social,Delegación Iztacalco,20227453.25
Financiamientos Internos,Desarrollo Social,Delegación Iztapalapa,75390678.98
Financiamientos Internos,Desarrollo Social,Delegación La Magdalena Contreras,7725092.95
Financiamientos Internos,Desarrollo Social,Delegación Miguel Hidalgo,0
Financiamientos Internos,Desarrollo Social,Delegación Milpa Alta,39768307.47
Financiamientos Internos,Desarrollo Social,Delegación Tláhuac,0
Financiamientos Internos,Desarrollo Social,Delegación Tlalpan,40610524.38
Financiamientos Internos,Desarrollo Social,Delegación Venustiano Carranza,20859222.16
Financiamientos Internos,Desarrollo Social,Delegación Xochimilco,12092966.03
Financiamientos Internos,Desarrollo Social,Fondo Para Las Acciones De Reconstrucción Y Para Otras Previsiones,0
Financiamientos Internos,Desarrollo Social,Secretaría De Obras Y Servicios,111205764.6
Financiamientos Internos,Desarrollo Social,Secretaría De Salud,0
Financiamientos Internos,Desarrollo Social,Sistema De Aguas De La Ciudad De México,523536496.2
Financiamientos Internos,Gobierno,"Centro de Comando, Control, Cómputo, Comunicaciones y Contacto Ciudadano",0
Financiamientos Internos,Otras no Clasificadas en Funciones Anteriores,Deuda Pública,2700068745
Fondo de Aportaciones Múltiples (FAM),Desarrollo Social,Fondo Para Las Acciones De Reconstrucción Y Para Otras Previsiones,0
Fondo de Aportaciones Múltiples (FAM),Desarrollo Social,Instituto Local De La Infraestructura Física Educativa,209751382.2
Fondo de Aportaciones Múltiples (FAM),Desarrollo Social,Sistema Para El Desarrollo Integral De La Familia,1024055399
Fondo de Aportaciones para el Fortalecimiento de las Entidades Federativas (FAFEF),Desarrollo Económico,Delegación Álvaro Obregón,0
Fondo de Aportaciones para el Fortalecimiento de las Entidades Federativas (FAFEF),Desarrollo Económico,Delegación Miguel Hidalgo,0
Fondo de Aportaciones para el Fortalecimiento de las Entidades Federativas (FAFEF),Desarrollo Económico,Delegación Milpa Alta,0
Fondo de Aportaciones para el Fortalecimiento de las Entidades Federativas (FAFEF),Desarrollo Económico,Secretaría De Desarrollo Económico,0
Fondo de Aportaciones para el Fortalecimiento de las Entidades Federativas (FAFEF),Desarrollo Social,Agencia De Gestión Urbana De La Ciudad De México,104867515.1
Fondo de Aportaciones para el Fortalecimiento de las Entidades Federativas (FAFEF),Desarrollo Social,Autoridad Del Espacio Público,0
Fondo de Aportaciones para el Fortalecimiento de las Entidades Federativas (FAFEF),Desarrollo Social,Delegación Álvaro Obregón,19482801.69
Fondo de Aportaciones para el Fortalecimiento de las Entidades Federativas (FAFEF),Desarrollo Social,Delegación Benito Juárez,51930376.48
Fondo de Aportaciones para el Fortalecimiento de las Entidades Federativas (FAFEF),Desarrollo Social,Delegación Coyoacán,75165310.92
Fondo de Aportaciones para el Fortalecimiento de las Entidades Federativas (FAFEF),Desarrollo Social,Delegación Cuajimalpa De Morelos,17946484.51
Fondo de Aportaciones para el Fortalecimiento de las Entidades Federativas (FAFEF),Desarrollo Social,Delegación Cuauhtémoc,8603509.07
Fondo de Aportaciones para el Fortalecimiento de las Entidades Federativas (FAFEF),Desarrollo Social,Delegación Gustavo A. Madero,112777493.3
Fondo de Aportaciones para el Fortalecimiento de las Entidades Federativas (FAFEF),Desarrollo Social,Delegación Iztacalco,51871943.9
Fondo de Aportaciones para el Fortalecimiento de las Entidades Federativas (FAFEF),Desarrollo Social,Delegación Iztapalapa,121305605.3
Fondo de Aportaciones para el Fortalecimiento de las Entidades Federativas (FAFEF),Desarrollo Social,Delegación La Magdalena Contreras,52315954.92
Fondo de Aportaciones para el Fortalecimiento de las Entidades Federativas (FAFEF),Desarrollo Social,Delegación Miguel Hidalgo,51507297.62
Fondo de Aportaciones para el Fortalecimiento de las Entidades Federativas (FAFEF),Desarrollo Social,Delegación Milpa Alta,31807032.23
Fondo de Aportaciones para el Fortalecimiento de las Entidades Federativas (FAFEF),Desarrollo Social,Delegación Tláhuac,32850294.46
Fondo de Aportaciones para el Fortalecimiento de las Entidades Federativas (FAFEF),Desarrollo Social,Delegación Tlalpan,93828712.08
Fondo de Aportaciones para el Fortalecimiento de las Entidades Federativas (FAFEF),Desarrollo Social,Delegación Venustiano Carranza,12158303.1
Fondo de Aportaciones para el Fortalecimiento de las Entidades Federativas (FAFEF),Desarrollo Social,Delegación Xochimilco,57046288.2
Fondo de Aportaciones para el Fortalecimiento de las Entidades Federativas (FAFEF),Desarrollo Social,Fondo Para Las Acciones De Reconstrucción Y Para Otras Previsiones,0
Fondo de Aportaciones para el Fortalecimiento de las Entidades Federativas (FAFEF),Desarrollo Social,Secretaría De Obras Y Servicios,43223090.71
Fondo de Aportaciones para el Fortalecimiento de las Entidades Federativas (FAFEF),Desarrollo Social,Sistema De Aguas De La Ciudad De México,166986766.8
Fondo de Aportaciones para el Fortalecimiento de las Entidades Federativas (FAFEF),Gobierno,Delegación Cuauhtémoc,0
Fondo de Aportaciones para el Fortalecimiento de las Entidades Federativas (FAFEF),Gobierno,Secretaría De Gobierno,0
Fondo de Aportaciones para el Fortalecimiento de los Municipios y las Demarcaciones Territoriales del Distrito Federal (FORTAMUN),Desarrollo Económico,Delegación Coyoacán,1606319
Fondo de Aportaciones para el Fortalecimiento de los Municipios y las Demarcaciones Territoriales del Distrito Federal (FORTAMUN),Desarrollo Económico,Delegación Milpa Alta,0
Fondo de Aportaciones para el Fortalecimiento de los Municipios y las Demarcaciones Territoriales del Distrito Federal (FORTAMUN),Desarrollo Económico,Delegación Tláhuac,315603.84
Fondo de Aportaciones para el Fortalecimiento de los Municipios y las Demarcaciones Territoriales del Distrito Federal (FORTAMUN),Desarrollo Social,Delegación Álvaro Obregón,186711299.6
Fondo de Aportaciones para el Fortalecimiento de los Municipios y las Demarcaciones Territoriales del Distrito Federal (FORTAMUN),Desarrollo Social,Delegación Benito Juárez,34092457
Fondo de Aportaciones para el Fortalecimiento de los Municipios y las Demarcaciones Territoriales del Distrito Federal (FORTAMUN),Desarrollo Social,Delegación Coyoacán,222141346.9
Fondo de Aportaciones para el Fortalecimiento de los Municipios y las Demarcaciones Territoriales del Distrito Federal (FORTAMUN),Desarrollo Social,Delegación Cuajimalpa De Morelos,53689336.33
Fondo de Aportaciones para el Fortalecimiento de los Municipios y las Demarcaciones Territoriales del Distrito Federal (FORTAMUN),Desarrollo Social,Delegación Cuauhtémoc,147607501.8
Fondo de Aportaciones para el Fortalecimiento de los Municipios y las Demarcaciones Territoriales del Distrito Federal (FORTAMUN),Desarrollo Social,Delegación Gustavo A. Madero,362411958.6
Fondo de Aportaciones para el Fortalecimiento de los Municipios y las Demarcaciones Territoriales del Distrito Federal (FORTAMUN),Desarrollo Social,Delegación Iztacalco,98162701.28
Fondo de Aportaciones para el Fortalecimiento de los Municipios y las Demarcaciones Territoriales del Distrito Federal (FORTAMUN),Desarrollo Social,Delegación Iztapalapa,562468095.4
Fondo de Aportaciones para el Fortalecimiento de los Municipios y las Demarcaciones Territoriales del Distrito Federal (FORTAMUN),Desarrollo Social,Delegación La Magdalena Contreras,76818860.48
Fondo de Aportaciones para el Fortalecimiento de los Municipios y las Demarcaciones Territoriales del Distrito Federal (FORTAMUN),Desarrollo Social,Delegación Miguel Hidalgo,53211696.42
Fondo de Aportaciones para el Fortalecimiento de los Municipios y las Demarcaciones Territoriales del Distrito Federal (FORTAMUN),Desarrollo Social,Delegación Milpa Alta,0
Fondo de Aportaciones para el Fortalecimiento de los Municipios y las Demarcaciones Territoriales del Distrito Federal (FORTAMUN),Desarrollo Social,Delegación Tláhuac,83112054.45
Fondo de Aportaciones para el Fortalecimiento de los Municipios y las Demarcaciones Territoriales del Distrito Federal (FORTAMUN),Desarrollo Social,Delegación Tlalpan,186305271.5
Fondo de Aportaciones para el Fortalecimiento de los Municipios y las Demarcaciones Territoriales del Distrito Federal (FORTAMUN),Desarrollo Social,Delegación Venustiano Carranza,129052374.2
Fondo de Aportaciones para el Fortalecimiento de los Municipios y las Demarcaciones Territoriales del Distrito Federal (FORTAMUN),Desarrollo Social,Delegación Xochimilco,63666533.85
Fondo de Aportaciones para el Fortalecimiento de los Municipios y las Demarcaciones Territoriales del Distrito Federal (FORTAMUN),Gobierno,Delegación Álvaro Obregón,197892727.4
Fondo de Aportaciones para el Fortalecimiento de los Municipios y las Demarcaciones Territoriales del Distrito Federal (FORTAMUN),Gobierno,Delegación Benito Juárez,173155349.2
Fondo de Aportaciones para el Fortalecimiento de los Municipios y las Demarcaciones Territoriales del Distrito Federal (FORTAMUN),Gobierno,Delegación Coyoacán,58422510.14
Fondo de Aportaciones para el Fortalecimiento de los Municipios y las Demarcaciones Territoriales del Distrito Federal (FORTAMUN),Gobierno,Delegación Cuajimalpa De Morelos,61044310.83
Fondo de Aportaciones para el Fortalecimiento de los Municipios y las Demarcaciones Territoriales del Distrito Federal (FORTAMUN),Gobierno,Delegación Cuauhtémoc,85392460
Fondo de Aportaciones para el Fortalecimiento de los Municipios y las Demarcaciones Territoriales del Distrito Federal (FORTAMUN),Gobierno,Delegación Gustavo A. Madero,290297056.9
Fondo de Aportaciones para el Fortalecimiento de los Municipios y las Demarcaciones Territoriales del Distrito Federal (FORTAMUN),Gobierno,Delegación Iztacalco,111854729.8
Fondo de Aportaciones para el Fortalecimiento de los Municipios y las Demarcaciones Territoriales del Distrito Federal (FORTAMUN),Gobierno,Delegación Iztapalapa,444317637.7
Fondo de Aportaciones para el Fortalecimiento de los Municipios y las Demarcaciones Territoriales del Distrito Federal (FORTAMUN),Gobierno,Delegación La Magdalena Contreras,49741032.19
Fondo de Aportaciones para el Fortalecimiento de los Municipios y las Demarcaciones Territoriales del Distrito Federal (FORTAMUN),Gobierno,Delegación Miguel Hidalgo,163871009.3
Fondo de Aportaciones para el Fortalecimiento de los Municipios y las Demarcaciones Territoriales del Distrito Federal (FORTAMUN),Gobierno,Delegación Milpa Alta,71527290.62
Fondo de Aportaciones para el Fortalecimiento de los Municipios y las Demarcaciones Territoriales del Distrito Federal (FORTAMUN),Gobierno,Delegación Tláhuac,130154192.2
Fondo de Aportaciones para el Fortalecimiento de los Municipios y las Demarcaciones Territoriales del Distrito Federal (FORTAMUN),Gobierno,Delegación Tlalpan,145939151.8
Fondo de Aportaciones para el Fortalecimiento de los Municipios y las Demarcaciones Territoriales del Distrito Federal (FORTAMUN),Gobierno,Delegación Venustiano Carranza,116671835.5
Fondo de Aportaciones para el Fortalecimiento de los Municipios y las Demarcaciones Territoriales del Distrito Federal (FORTAMUN),Gobierno,Delegación Xochimilco,134566499.9
Fondo de Aportaciones para la Infraestructura Social (FAIS),Desarrollo Social,Delegación Álvaro Obregón,0
Fondo de Aportaciones para la Infraestructura Social (FAIS),Desarrollo Social,Delegación Benito Juárez,0
Fondo de Aportaciones para la Infraestructura Social (FAIS),Desarrollo Social,Delegación Coyoacán,10647159.84
Fondo de Aportaciones para la Infraestructura Social (FAIS),Desarrollo Social,Delegación Cuajimalpa De Morelos,14856403.59
Fondo de Aportaciones para la Infraestructura Social (FAIS),Desarrollo Social,Delegación Cuauhtémoc,38050837.36
Fondo de Aportaciones para la Infraestructura Social (FAIS),Desarrollo Social,Delegación Gustavo A. Madero,43811330.8
Fondo de Aportaciones para la Infraestructura Social (FAIS),Desarrollo Social,Delegación Iztacalco,1399361.85
Fondo de Aportaciones para la Infraestructura Social (FAIS),Desarrollo Social,Delegación Iztapalapa,144148407.7
Fondo de Aportaciones para la Infraestructura Social (FAIS),Desarrollo Social,Delegación La Magdalena Contreras,16143908.17
Fondo de Aportaciones para la Infraestructura Social (FAIS),Desarrollo Social,Delegación Miguel Hidalgo,5383588.5
Fondo de Aportaciones para la Infraestructura Social (FAIS),Desarrollo Social,Delegación Milpa Alta,0
Fondo de Aportaciones para la Infraestructura Social (FAIS),Desarrollo Social,Delegación Tláhuac,35806308.03
Fondo de Aportaciones para la Infraestructura Social (FAIS),Desarrollo Social,Delegación Tlalpan,40786153.13
Fondo de Aportaciones para la Infraestructura Social (FAIS),Desarrollo Social,Delegación Venustiano Carranza,33715652.75
Fondo de Aportaciones para la Infraestructura Social (FAIS),Desarrollo Social,Delegación Xochimilco,38961285.96
Fondo de Aportaciones para la Infraestructura Social (FAIS),Desarrollo Social,Fondo Para Las Acciones De Reconstrucción Y Para Otras Previsiones,0
Fondo de Aportaciones para la Infraestructura Social (FAIS),Gobierno,Delegación Álvaro Obregón,0
Fondo de Aportaciones para la Infraestructura Social (FAIS),Gobierno,Delegación Cuajimalpa De Morelos,668251.64
Fondo de Aportaciones para la Infraestructura Social (FAIS),Gobierno,Delegación Tláhuac,1380438.7
Fondo de Aportaciones para la Seguridad Pública de los Estados y del Distrito Federal (FASP),Desarrollo Social,Procuraduría General De Justicia,800000
Fondo de Aportaciones para la Seguridad Pública de los Estados y del Distrito Federal (FASP),Gobierno,Procuraduría General De Justicia,137513735.6
Fondo de Aportaciones para la Seguridad Pública de los Estados y del Distrito Federal (FASP),Gobierno,Secretaría De Gobierno,27519544.64
Fondo de Aportaciones para la Seguridad Pública de los Estados y del Distrito Federal (FASP),Gobierno,Secretaria De La Contraloría General De La Ciudad De México,0
Fondo de Aportaciones para la Seguridad Pública de los Estados y del Distrito Federal (FASP),Gobierno,Secretaría De Seguridad Pública,137666126.3
Fondo de Aportaciones para la Seguridad Pública de los Estados y del Distrito Federal (FASP),Gobierno,Tribunal Superior De Justicia De La Ciudad De México,8905353.93
Fondo de Aportaciones para los Servicios de Salud (FASSA),Desarrollo Social,Servicios De Salud Pública,7927915073
Fondo de Aportaciones para los Servicios de Salud (FASSA),Gobierno,Servicios De Salud Pública,800000
Fondo de Fiscalización y Recaudación,Desarrollo Económico,Delegación Cuauhtémoc,453808
Fondo de Fiscalización y Recaudación,Desarrollo Económico,Delegación Miguel Hidalgo,3514363.37
Fondo de Fiscalización y Recaudación,Desarrollo Social,Delegación Álvaro Obregón,12126498
Fondo de Fiscalización y Recaudación,Desarrollo Social,Delegación Azcapotzalco,66601156.55
Fondo de Fiscalización y Recaudación,Desarrollo Social,Delegación Benito Juárez,67396507
Fondo de Fiscalización y Recaudación,Desarrollo Social,Delegación Coyoacán,5164447.99
Fondo de Fiscalización y Recaudación,Desarrollo Social,Delegación Cuajimalpa De Morelos,34980193
Fondo de Fiscalización y Recaudación,Desarrollo Social,Delegación Cuauhtémoc,99962514
Fondo de Fiscalización y Recaudación,Desarrollo Social,Delegación Gustavo A. Madero,48094513.07
Fondo de Fiscalización y Recaudación,Desarrollo Social,Delegación Iztapalapa,122798548.4
Fondo de Fiscalización y Recaudación,Desarrollo Social,Delegación La Magdalena Contreras,22881030.16
Fondo de Fiscalización y Recaudación,Desarrollo Social,Delegación Miguel Hidalgo,55451530.06
Fondo de Fiscalización y Recaudación,Desarrollo Social,Delegación Tláhuac,19404640
Fondo de Fiscalización y Recaudación,Desarrollo Social,Delegación Tlalpan,32662783
Fondo de Fiscalización y Recaudación,Desarrollo Social,Delegación Venustiano Carranza,49142064
Fondo de Fiscalización y Recaudación,Desarrollo Social,Delegación Xochimilco,20167500
Fondo de Fiscalización y Recaudación,Gobierno,Delegación Álvaro Obregón,65082701.87
Fondo de Fiscalización y Recaudación,Gobierno,Delegación Coyoacán,49496712.01
Fondo de Fiscalización y Recaudación,Gobierno,Delegación Cuajimalpa De Morelos,288513
Fondo de Fiscalización y Recaudación,Gobierno,Delegación Gustavo A. Madero,14041403.28
Fondo de Fiscalización y Recaudación,Gobierno,Delegación Iztacalco,41323755.64
Fondo de Fiscalización y Recaudación,Gobierno,Delegación Iztapalapa,570411.63
Fondo de Fiscalización y Recaudación,Gobierno,Delegación La Magdalena Contreras,1009583
Fondo de Fiscalización y Recaudación,Gobierno,Delegación Miguel Hidalgo,10230252.92
Fondo de Fiscalización y Recaudación,Gobierno,Delegación Milpa Alta,35947458.73
Fondo de Fiscalización y Recaudación,Gobierno,Delegación Tláhuac,20411321
Fondo de Fiscalización y Recaudación,Gobierno,Delegación Tlalpan,28178232.78
Fondo de Fiscalización y Recaudación,Gobierno,Delegación Xochimilco,16514588
Fondo de Fomento Municipal,Desarrollo Económico,Delegación Cuauhtémoc,24000000
Fondo de Fomento Municipal,Desarrollo Económico,Delegación La Magdalena Contreras,1784215.33
Fondo de Fomento Municipal,Desarrollo Económico,Delegación Milpa Alta,63940000
Fondo de Fomento Municipal,Desarrollo Social,Delegación Álvaro Obregón,95868782.8
Fondo de Fomento Municipal,Desarrollo Social,Delegación Azcapotzalco,155329960
Fondo de Fomento Municipal,Desarrollo Social,Delegación Benito Juárez,41631110.81
Fondo de Fomento Municipal,Desarrollo Social,Delegación Coyoacán,122136357
Fondo de Fomento Municipal,Desarrollo Social,Delegación Cuajimalpa De Morelos,89027274.21
Fondo de Fomento Municipal,Desarrollo Social,Delegación Cuauhtémoc,247917886.4
Fondo de Fomento Municipal,Desarrollo Social,Delegación Gustavo A. Madero,149831277
Fondo de Fomento Municipal,Desarrollo Social,Delegación Iztacalco,29975708.84
Fondo de Fomento Municipal,Desarrollo Social,Delegación Iztapalapa,416019562.1
Fondo de Fomento Municipal,Desarrollo Social,Delegación La Magdalena Contreras,78204379.88
Fondo de Fomento Municipal,Desarrollo Social,Delegación Miguel Hidalgo,66017385.67
Fondo de Fomento Municipal,Desarrollo Social,Delegación Milpa Alta,6611061.54
Fondo de Fomento Municipal,Desarrollo Social,Delegación Tláhuac,626788
Fondo de Fomento Municipal,Desarrollo Social,Delegación Tlalpan,62195476.13
Fondo de Fomento Municipal,Desarrollo Social,Delegación Venustiano Carranza,3867639.46
Fondo de Fomento Municipal,Desarrollo Social,Delegación Xochimilco,41052313
Fondo de Fomento Municipal,Gobierno,Delegación Álvaro Obregón,180914093
Fondo de Fomento Municipal,Gobierno,Delegación Azcapotzalco,88623326.32
Fondo de Fomento Municipal,Gobierno,Delegación Benito Juárez,133296503.4
Fondo de Fomento Municipal,Gobierno,Delegación Coyoacán,6384087.84
Fondo de Fomento Municipal,Gobierno,Delegación Cuajimalpa De Morelos,35282182
Fondo de Fomento Municipal,Gobierno,Delegación Cuauhtémoc,27871010
Fondo de Fomento Municipal,Gobierno,Delegación Gustavo A. Madero,138778420.8
Fondo de Fomento Municipal,Gobierno,Delegación Iztacalco,92594811.26
Fondo de Fomento Municipal,Gobierno,Delegación Iztapalapa,6461378.57
Fondo de Fomento Municipal,Gobierno,Delegación La Magdalena Contreras,20196636.23
Fondo de Fomento Municipal,Gobierno,Delegación Miguel Hidalgo,153135520.5
Fondo de Fomento Municipal,Gobierno,Delegación Milpa Alta,64713009.61
Fondo de Fomento Municipal,Gobierno,Delegación Tláhuac,142052204
Fondo de Fomento Municipal,Gobierno,Delegación Tlalpan,71480636.75
Fondo de Fomento Municipal,Gobierno,Delegación Venustiano Carranza,150223579.6
Fondo de Fomento Municipal,Gobierno,Delegación Xochimilco,95865550.54
Fondo General de Participaciones,Desarrollo Económico,Delegación Álvaro Obregón,288115.4
Fondo General de Participaciones,Desarrollo Económico,Delegación Azcapotzalco,22267951.45
Fondo General de Participaciones,Desarrollo Económico,Delegación Benito Juárez,4619705.57
Fondo General de Participaciones,Desarrollo Económico,Delegación Coyoacán,40187786.45
Fondo General de Participaciones,Desarrollo Económico,Delegación Cuajimalpa De Morelos,29797564.01
Fondo General de Participaciones,Desarrollo Económico,Delegación Cuauhtémoc,30647060.95
Fondo General de Participaciones,Desarrollo Económico,Delegación Gustavo A. Madero,544335.64
Fondo General de Participaciones,Desarrollo Económico,Delegación Iztacalco,10666813.79
Fondo General de Participaciones,Desarrollo Económico,Delegación Iztapalapa,15544103.5
Fondo General de Participaciones,Desarrollo Económico,Delegación La Magdalena Contreras,30227843.76
Fondo General de Participaciones,Desarrollo Económico,Delegación Miguel Hidalgo,48879744.62
Fondo General de Participaciones,Desarrollo Económico,Delegación Milpa Alta,14986164.1
Fondo General de Participaciones,Desarrollo Económico,Delegación Tláhuac,4257404.1
Fondo General de Participaciones,Desarrollo Económico,Delegación Tlalpan,75919561.61
Fondo General de Participaciones,Desarrollo Económico,Delegación Venustiano Carranza,3605141.47
Fondo General de Participaciones,Desarrollo Económico,Delegación Xochimilco,58200332.4
Fondo General de Participaciones,Desarrollo Social,Delegación Álvaro Obregón,414389327.6
Fondo General de Participaciones,Desarrollo Social,Delegación Azcapotzalco,476722230.6
Fondo General de Participaciones,Desarrollo Social,Delegación Benito Juárez,512334266.5
Fondo General de Participaciones,Desarrollo Social,Delegación Coyoacán,726660874.3
Fondo General de Participaciones,Desarrollo Social,Delegación Cuajimalpa De Morelos,390771713.1
Fondo General de Participaciones,Desarrollo Social,Delegación Cuauhtémoc,1093022354
Fondo General de Participaciones,Desarrollo Social,Delegación Gustavo A. Madero,940060761.4
Fondo General de Participaciones,Desarrollo Social,Delegación Iztacalco,394561528.7
Fondo General de Participaciones,Desarrollo Social,Delegación Iztapalapa,1448523056
Fondo General de Participaciones,Desarrollo Social,Delegación La Magdalena Contreras,345786267.2
Fondo General de Participaciones,Desarrollo Social,Delegación Miguel Hidalgo,506856209.8
Fondo General de Participaciones,Desarrollo Social,Delegación Milpa Alta,65378500.53
Fondo General de Participaciones,Desarrollo Social,Delegación Tláhuac,335849908.5
Fondo General de Participaciones,Desarrollo Social,Delegación Tlalpan,520432061.9
Fondo General de Participaciones,Desarrollo Social,Delegación Venustiano Carranza,968718584.8
Fondo General de Participaciones,Desarrollo Social,Delegación Xochimilco,441588153.4
Fondo General de Participaciones,Gobierno,Delegación Álvaro Obregón,446283153.1
Fondo General de Participaciones,Gobierno,Delegación Azcapotzalco,252068980
Fondo General de Participaciones,Gobierno,Delegación Benito Juárez,207622425.3
Fondo General de Participaciones,Gobierno,Delegación Coyoacán,282307320.5
Fondo General de Participaciones,Gobierno,Delegación Cuajimalpa De Morelos,160665366.5
Fondo General de Participaciones,Gobierno,Delegación Cuauhtémoc,438882438.2
Fondo General de Participaciones,Gobierno,Delegación Gustavo A. Madero,806954585.3
Fondo General de Participaciones,Gobierno,Delegación Iztacalco,409918284.1
Fondo General de Participaciones,Gobierno,Delegación Iztapalapa,223747820.1
Fondo General de Participaciones,Gobierno,Delegación La Magdalena Contreras,145075611.3
Fondo General de Participaciones,Gobierno,Delegación Miguel Hidalgo,278350920.8
Fondo General de Participaciones,Gobierno,Delegación Milpa Alta,473292238.3
Fondo General de Participaciones,Gobierno,Delegación Tláhuac,334973942.2
Fondo General de Participaciones,Gobierno,Delegación Tlalpan,271386857.6
Fondo General de Participaciones,Gobierno,Delegación Venustiano Carranza,282013934.1
Fondo General de Participaciones,Gobierno,Delegación Xochimilco,228813417.8
Ingresos Propios,Desarrollo Económico,"Corporación Mexicana De Impresión, S.A. De C.V.",399946121.4
Ingresos Propios,Desarrollo Económico,Fideicomiso Para El Fondo De Promoción Para El Financiamiento Del Transporte Público,0
Ingresos Propios,Desarrollo Económico,Fondo Mixto De Promoción Turística De La Ciudad De México,52467529.72
Ingresos Propios,Desarrollo Económico,Fondo Para El Desarrollo Social,55673571.69
Ingresos Propios,Desarrollo Económico,Fondo Público De Atención Al Ciclista Y Al Peatón,0
Ingresos Propios,Desarrollo Económico,Metrobús,116461192.7
Ingresos Propios,Desarrollo Económico,Servicio De Transportes Eléctricos De La Ciudad De México,13165845.9
Ingresos Propios,Desarrollo Económico,"Servicios Metropolitanos, S.A. De C.V.",88478737.65
Ingresos Propios,Desarrollo Económico,Sistema De Movilidad 1,302096996.7
Ingresos Propios,Desarrollo Económico,Sistema De Transporte Colectivo Metro,3127380966
Ingresos Propios,Desarrollo Social,Caja De Previsión De La Policía Auxiliar,712122277.5
Ingresos Propios,Desarrollo Social,Caja De Previsión De La Policía Preventiva,2801735889
Ingresos Propios,Desarrollo Social,Caja De Previsión Para Trabajadores A Lista De Raya,1761301361
Ingresos Propios,Desarrollo Social,Escuela De Administración Pública,545065.73
Ingresos Propios,Desarrollo Social,Fideicomiso De Recuperación Crediticia,25360388.06
Ingresos Propios,Desarrollo Social,Fideicomiso Del Centro Histórico,1944865.96
Ingresos Propios,Desarrollo Social,Fideicomiso Educación Garantizada,136778337.8
Ingresos Propios,Desarrollo Social,Fideicomiso Museo De Arte Popular Mexicano,10615893.69
Ingresos Propios,Desarrollo Social,Fideicomiso Museo Del Estanquillo,2390000
Ingresos Propios,Desarrollo Social,Fideicomiso Para La Promoción Y Desarrollo Del Cine Mexicano,17839650.98
Ingresos Propios,Desarrollo Social,Fondo Ambiental Público,82335918.41
Ingresos Propios,Desarrollo Social,Fondo Para Las Acciones De Reconstrucción Y Para Otras Previsiones,0
Ingresos Propios,Desarrollo Social,Instituto De Capacitación Para El Trabajo De La Ciudad De México,538867.56
Ingresos Propios,Desarrollo Social,Instituto De Educación Media Superior,0
Ingresos Propios,Desarrollo Social,Instituto De Vivienda,942870413.4
Ingresos Propios,Desarrollo Social,Instituto Del Deporte,44777155.41
Ingresos Propios,Desarrollo Social,Instituto Para La Atención Y Prevención De Las Adicciones En La Ciudad De México,510031.99
Ingresos Propios,Desarrollo Social,"Procdmx, S.A. De C.V.",0
Ingresos Propios,Desarrollo Social,Procuraduría Social,792235.73
Ingresos Propios,Desarrollo Social,Servicios De Salud Pública,8859887.04
Ingresos Propios,Desarrollo Social,"Servicios Metropolitanos, S.A. De C.V.",8668207.74
Ingresos Propios,Desarrollo Social,Sistema De Transporte Colectivo Metro,11194011.3
Ingresos Propios,Desarrollo Social,Sistema Para El Desarrollo Integral De La Familia,19190946.49
Ingresos Propios,Gobierno,Caja De Previsión De La Policía Auxiliar,945617.51
Ingresos Propios,Gobierno,Caja De Previsión De La Policía Preventiva,77677518.3
Ingresos Propios,Gobierno,Caja De Previsión Para Trabajadores A Lista De Raya,59785040.11
Ingresos Propios,Gobierno,"Corporación Mexicana De Impresión, S.A. De C.V.",865300.6
Ingresos Propios,Gobierno,Fideicomiso De Recuperación Crediticia,9894504.18
Ingresos Propios,Gobierno,Fondo De Apoyo A La Procuración De Justicia,6958577.82
Ingresos Propios,Gobierno,Fondo De Desarrollo Económico,4472739.55
Ingresos Propios,Gobierno,Fondo Para El Desarrollo Social,26821.04
Ingresos Propios,Gobierno,Fondo Para La Atención Y Apoyo A Las Víctimas Del Delito,207672
Ingresos Propios,Gobierno,Instituto De Vivienda,622639.28
Ingresos Propios,Gobierno,Instituto Del Deporte,3103729.01
Ingresos Propios,Gobierno,Instituto Para La Seguridad De Las Construcciones,299979.36
Ingresos Propios,Gobierno,Metrobús,24250.38
Ingresos Propios,Gobierno,Procuraduría Social,621226.03
Ingresos Propios,Gobierno,Servicio De Transportes Eléctricos De La Ciudad De México,206652633
Ingresos Propios,Gobierno,"Servicios Metropolitanos, S.A. De C.V.",44450022.92
Ingresos Propios,Gobierno,Sistema De Movilidad 1,37607188.65
Ingresos Propios,Gobierno,Sistema De Transporte Colectivo Metro,806628007.7
Ingresos Propios,Gobierno,Sistema Para El Desarrollo Integral De La Familia,8810498.06
Participaciones a la Venta Final de Gasolina y Diesel,Desarrollo Social,Delegación Álvaro Obregón,18921416.33
Participaciones a la Venta Final de Gasolina y Diesel,Desarrollo Social,Delegación Azcapotzalco,19930957.51
Participaciones a la Venta Final de Gasolina y Diesel,Desarrollo Social,Delegación Benito Juárez,26595364
Participaciones a la Venta Final de Gasolina y Diesel,Desarrollo Social,Delegación Coyoacán,1890000
Participaciones a la Venta Final de Gasolina y Diesel,Desarrollo Social,Delegación Cuajimalpa De Morelos,14653726
Participaciones a la Venta Final de Gasolina y Diesel,Desarrollo Social,Delegación Cuauhtémoc,35922303.85
Participaciones a la Venta Final de Gasolina y Diesel,Desarrollo Social,Delegación Gustavo A. Madero,0
Participaciones a la Venta Final de Gasolina y Diesel,Desarrollo Social,Delegación Iztapalapa,46506663.07
Participaciones a la Venta Final de Gasolina y Diesel,Desarrollo Social,Delegación La Magdalena Contreras,12449220.55
Participaciones a la Venta Final de Gasolina y Diesel,Desarrollo Social,Delegación Miguel Hidalgo,10695123.27
Participaciones a la Venta Final de Gasolina y Diesel,Desarrollo Social,Delegación Tláhuac,7487756.02
Participaciones a la Venta Final de Gasolina y Diesel,Desarrollo Social,Delegación Tlalpan,2070973.99
Participaciones a la Venta Final de Gasolina y Diesel,Desarrollo Social,Delegación Venustiano Carranza,20418348
Participaciones a la Venta Final de Gasolina y Diesel,Desarrollo Social,Delegación Xochimilco,2040520.84
Participaciones a la Venta Final de Gasolina y Diesel,Desarrollo Social,Delegación Álvaro Obregón,10872124.23
Participaciones a la Venta Final de Gasolina y Diesel,Desarrollo Social,Delegación Azcapotzalco,7710506
Participaciones a la Venta Final de Gasolina y Diesel,Desarrollo Social,Delegación Coyoacán,20818886
Participaciones a la Venta Final de Gasolina y Diesel,Desarrollo Social,Delegación Cuajimalpa De Morelos,292
Participaciones a la Venta Final de Gasolina y Diesel,Desarrollo Social,Delegación Cuauhtémoc,2459627.64
Participaciones a la Venta Final de Gasolina y Diesel,Desarrollo Social,Delegación Iztacalco,17171971
Participaciones a la Venta Final de Gasolina y Diesel,Desarrollo Social,Delegación La Magdalena Contreras,0
Participaciones a la Venta Final de Gasolina y Diesel,Desarrollo Social,Delegación Miguel Hidalgo,9200267.81
Participaciones a la Venta Final de Gasolina y Diesel,Desarrollo Social,Delegación Milpa Alta,15990465
Participaciones a la Venta Final de Gasolina y Diesel,Desarrollo Social,Delegación Tláhuac,8221510
Participaciones a la Venta Final de Gasolina y Diesel,Desarrollo Social,Delegación Tlalpan,15955082.14
Participaciones a la Venta Final de Gasolina y Diesel,Desarrollo Social,Delegación Xochimilco,2803298.44
Participaciones en el Impuesto Especial Sobre Producción y Servicios,Desarrollo Económico,Delegación Azcapotzalco,16738298.1
Participaciones en el Impuesto Especial Sobre Producción y Servicios,Desarrollo Económico,Delegación La Magdalena Contreras,2725442
Participaciones en el Impuesto Especial Sobre Producción y Servicios,Desarrollo Económico,Delegación Miguel Hidalgo,4329500
Participaciones en el Impuesto Especial Sobre Producción y Servicios,Desarrollo Económico,Delegación Tlalpan,14221920.32
Participaciones en el Impuesto Especial Sobre Producción y Servicios,Desarrollo Social,Delegación Álvaro Obregón,64528960
Participaciones en el Impuesto Especial Sobre Producción y Servicios,Desarrollo Social,Delegación Azcapotzalco,30153711.3
Participaciones en el Impuesto Especial Sobre Producción y Servicios,Desarrollo Social,Delegación Benito Juárez,56640968
Participaciones en el Impuesto Especial Sobre Producción y Servicios,Desarrollo Social,Delegación Coyoacán,42861291.25
Participaciones en el Impuesto Especial Sobre Producción y Servicios,Desarrollo Social,Delegación Cuauhtémoc,35001909
Participaciones en el Impuesto Especial Sobre Producción y Servicios,Desarrollo Social,Delegación Iztapalapa,91110288
Participaciones en el Impuesto Especial Sobre Producción y Servicios,Desarrollo Social,Delegación La Magdalena Contreras,10075093
Participaciones en el Impuesto Especial Sobre Producción y Servicios,Desarrollo Social,Delegación Miguel Hidalgo,12899330.48
Participaciones en el Impuesto Especial Sobre Producción y Servicios,Desarrollo Social,Delegación Tlalpan,13983747.31
Participaciones en el Impuesto Especial Sobre Producción y Servicios,Desarrollo Social,Delegación Venustiano Carranza,41267513.8
Participaciones en el Impuesto Especial Sobre Producción y Servicios,Desarrollo Social,Delegación Xochimilco,20976527
Participaciones en el Impuesto Especial Sobre Producción y Servicios,Gobierno,Delegación Álvaro Obregón,0
Participaciones en el Impuesto Especial Sobre Producción y Servicios,Gobierno,Delegación Azcapotzalco,12162632.17
Participaciones en el Impuesto Especial Sobre Producción y Servicios,Gobierno,Delegación Coyoacán,3162303.75
Participaciones en el Impuesto Especial Sobre Producción y Servicios,Gobierno,Delegación Cuajimalpa De Morelos,28520955.56
Participaciones en el Impuesto Especial Sobre Producción y Servicios,Gobierno,Delegación Cuauhtémoc,57933566
Participaciones en el Impuesto Especial Sobre Producción y Servicios,Gobierno,Delegación Gustavo A. Madero,69863692
Participaciones en el Impuesto Especial Sobre Producción y Servicios,Gobierno,Delegación Iztacalco,34798028
Participaciones en el Impuesto Especial Sobre Producción y Servicios,Gobierno,Delegación Iztapalapa,2913483
Participaciones en el Impuesto Especial Sobre Producción y Servicios,Gobierno,Delegación La Magdalena Contreras,7388961.51
Participaciones en el Impuesto Especial Sobre Producción y Servicios,Gobierno,Delegación Miguel Hidalgo,46697870.27
Participaciones en el Impuesto Especial Sobre Producción y Servicios,Gobierno,Delegación Milpa Alta,29626873.5
Participaciones en el Impuesto Especial Sobre Producción y Servicios,Gobierno,Delegación Tláhuac,31763837
Participaciones en el Impuesto Especial Sobre Producción y Servicios,Gobierno,Delegación Tlalpan,18990782.17
Participaciones en el Impuesto Especial Sobre Producción y Servicios,Gobierno,Delegación Xochimilco,13010417.23
Recursos Federales de libre Disposición,Desarrollo Económico,Agencia De Gestión Urbana De La Ciudad De México,383485.89
Recursos Federales de libre Disposición,Desarrollo Económico,Delegación Tláhuac,0
Recursos Federales de libre Disposición,Desarrollo Económico,Metrobús,19340270.09
Recursos Federales de libre Disposición,Desarrollo Económico,Secretaría De Desarrollo Económico,4599239.9
Recursos Federales de libre Disposición,Desarrollo Económico,Secretaría De Desarrollo Rural Y Equidad Para Las Comunidades,132428763.5
Recursos Federales de libre Disposición,Desarrollo Económico,Secretaría De Gobierno,46900501.48
Recursos Federales de libre Disposición,Desarrollo Económico,Secretaría De Movilidad,95450575.89
Recursos Federales de libre Disposición,Desarrollo Económico,Secretaría De Obras Y Servicios,19464051.73
Recursos Federales de libre Disposición,Desarrollo Económico,Sistema De Transporte Colectivo Metro,10956780713
Recursos Federales de libre Disposición,Desarrollo Social,Agencia De Gestión Urbana De La Ciudad De México,3183509447
Recursos Federales de libre Disposición,Desarrollo Social,"Autoridad de la Zona Patrimonio Mundial Natural y Cultural de la Humanidad en Xochimilco, Tláhuac y Milpa Alta",5797468
Recursos Federales de libre Disposición,Desarrollo Social,Delegación Álvaro Obregón,28609898.29
Recursos Federales de libre Disposición,Desarrollo Social,Delegación Azcapotzalco,101491158.3
Recursos Federales de libre Disposición,Desarrollo Social,Delegación Benito Juárez,8060913.6
Recursos Federales de libre Disposición,Desarrollo Social,Delegación Coyoacán,162845382.3
Recursos Federales de libre Disposición,Desarrollo Social,Delegación Cuajimalpa De Morelos,36967687.26
Recursos Federales de libre Disposición,Desarrollo Social,Delegación Cuauhtémoc,0
Recursos Federales de libre Disposición,Desarrollo Social,Delegación Gustavo A. Madero,0
Recursos Federales de libre Disposición,Desarrollo Social,Delegación Iztapalapa,101498128.3
Recursos Federales de libre Disposición,Desarrollo Social,Delegación La Magdalena Contreras,0
Recursos Federales de libre Disposición,Desarrollo Social,Delegación Milpa Alta,25363144.23
Recursos Federales de libre Disposición,Desarrollo Social,Delegación Tláhuac,28430782.54
Recursos Federales de libre Disposición,Desarrollo Social,Delegación Tlalpan,3437851.83
Recursos Federales de libre Disposición,Desarrollo Social,Delegación Venustiano Carranza,30023209.12
Recursos Federales de libre Disposición,Desarrollo Social,Delegación Xochimilco,0
Recursos Federales de libre Disposición,Desarrollo Social,Fideicomiso Museo Del Estanquillo,0
Recursos Federales de libre Disposición,Desarrollo Social,Fondo Ambiental Público,73308864.34
Recursos Federales de libre Disposición,Desarrollo Social,Instituto De Vivienda,380000000
Recursos Federales de libre Disposición,Desarrollo Social,Instituto Del Deporte,53048128.08
Recursos Federales de libre Disposición,Desarrollo Social,Procuraduría General De Justicia,32066938.2
Recursos Federales de libre Disposición,Desarrollo Social,Secretaría De Cultura,3496500
Recursos Federales de libre Disposición,Desarrollo Social,Secretaría De Desarrollo Rural Y Equidad Para Las Comunidades,64869538.69
Recursos Federales de libre Disposición,Desarrollo Social,Secretaría De Desarrollo Social,7521531878
Recursos Federales de libre Disposición,Desarrollo Social,Secretaría De Finanzas,37194300.42
Recursos Federales de libre Disposición,Desarrollo Social,Secretaría De Gobierno,1855847.95
Recursos Federales de libre Disposición,Desarrollo Social,Secretaría De Movilidad,0
Recursos Federales de libre Disposición,Desarrollo Social,Secretaría De Obras Y Servicios,1122660925
Recursos Federales de libre Disposición,Desarrollo Social,Secretaría De Salud,39954041.99
Recursos Federales de libre Disposición,Desarrollo Social,Secretaría De Seguridad Pública,33277031.47
Recursos Federales de libre Disposición,Desarrollo Social,Secretaría Del Medio Ambiente,153305700.5
Recursos Federales de libre Disposición,Desarrollo Social,Servicios De Salud Pública,49226457
Recursos Federales de libre Disposición,Desarrollo Social,Sistema De Aguas De La Ciudad De México,7331508240
Recursos Federales de libre Disposición,Desarrollo Social,Sistema De Radio Y Televisión Digital,8982692
Recursos Federales de libre Disposición,Desarrollo Social,Sistema De Transporte Colectivo Metro,49550376.45
Recursos Federales de libre Disposición,Desarrollo Social,Sistema Para El Desarrollo Integral De La Familia,630000
Recursos Federales de libre Disposición,Gobierno,Agencia De Gestión Urbana De La Ciudad De México,71586785.57
Recursos Federales de libre Disposición,Gobierno,"Centro de Comando, Control, Cómputo, Comunicaciones y Contacto Ciudadano",1137255098
Recursos Federales de libre Disposición,Gobierno,Comisión De Derechos Humanos,10000000
Recursos Federales de libre Disposición,Gobierno,Consejería Jurídica Y De Servicios Legales,514076267
Recursos Federales de libre Disposición,Gobierno,Consejo De La Judicatura De La Ciudad De México,16000000
Recursos Federales de libre Disposición,Gobierno,Delegación Azcapotzalco,120771018.4
Recursos Federales de libre Disposición,Gobierno,Delegación Benito Juárez,0
Recursos Federales de libre Disposición,Gobierno,Delegación Coyoacán,49999192.32
Recursos Federales de libre Disposición,Gobierno,Delegación Cuajimalpa De Morelos,5583852.03
Recursos Federales de libre Disposición,Gobierno,Delegación Cuauhtémoc,0
Recursos Federales de libre Disposición,Gobierno,Delegación Gustavo A. Madero,104393.29
Recursos Federales de libre Disposición,Gobierno,Delegación La Magdalena Contreras,17951016.83
Recursos Federales de libre Disposición,Gobierno,Delegación Milpa Alta,6221700.49
Recursos Federales de libre Disposición,Gobierno,Delegación Tláhuac,0
Recursos Federales de libre Disposición,Gobierno,Delegación Tlalpan,6198927.95
Recursos Federales de libre Disposición,Gobierno,Delegación Venustiano Carranza,0
Recursos Federales de libre Disposición,Gobierno,Fondo Para Las Acciones De Reconstrucción Y Para Otras Previsiones,0
Recursos Federales de libre Disposición,Gobierno,Heroico Cuerpo De Bomberos,49665032.06
Recursos Federales de libre Disposición,Gobierno,Instituto Del Deporte,17148296.59
Recursos Federales de libre Disposición,Gobierno,Instituto Para La Seguridad De Las Construcciones,13425139.32
Recursos Federales de libre Disposición,Gobierno,Junta Local De Conciliación Y Arbitraje,49900000
Recursos Federales de libre Disposición,Gobierno,Oficialía Mayor,24779492.27
Recursos Federales de libre Disposición,Gobierno,Policía Auxiliar,11387237.9
Recursos Federales de libre Disposición,Gobierno,Policía Bancaria E Industrial,1355820.08
Recursos Federales de libre Disposición,Gobierno,Procuraduría General De Justicia,4430831813
Recursos Federales de libre Disposición,Gobierno,Secretaría De Desarrollo Económico,346255.1
Recursos Federales de libre Disposición,Gobierno,Secretaría De Desarrollo Rural Y Equidad Para Las Comunidades,250000
Recursos Federales de libre Disposición,Gobierno,Secretaría De Finanzas,2565073771
Recursos Federales de libre Disposición,Gobierno,Secretaría De Gobierno,3238132476
Recursos Federales de libre Disposición,Gobierno,Secretaría De Movilidad,348803878.2
Recursos Federales de libre Disposición,Gobierno,Secretaría De Obras Y Servicios,15512572.35
Recursos Federales de libre Disposición,Gobierno,Secretaría De Seguridad Pública,14001388559
Recursos Federales de libre Disposición,Gobierno,Servicio De Transportes Eléctricos De La Ciudad De México,11457314
Recursos Federales de libre Disposición,Gobierno,Sistema De Aguas De La Ciudad De México,2436665.1
Recursos Federales de libre Disposición,Gobierno,Sistema De Transporte Colectivo Metro,1451826115
Recursos Federales de libre Disposición,Gobierno,Tribunal Electoral,9000000
Recursos Federales de libre Disposición,Gobierno,Tribunal Superior De Justicia De La Ciudad De México,199360000
Recursos Federales de libre Disposición,Gobierno,Universidad De La Policía De La Ciudad De México,21944933
Recursos Federales etiquetados,Desarrollo Económico,Secretaría De Desarrollo Económico,0
Recursos Federales etiquetados,Desarrollo Económico,Secretaría De Desarrollo Rural Y Equidad Para Las Comunidades,2588280
Recursos Federales etiquetados,Desarrollo Económico,Secretaría De Obras Y Servicios,4236291801
Recursos Federales etiquetados,Desarrollo Económico,Sistema De Transporte Colectivo Metro,208783875
Recursos Federales etiquetados,Desarrollo Social,Agencia De Gestión Urbana De La Ciudad De México,464009479.5
Recursos Federales etiquetados,Desarrollo Social,Agencia De Protección Sanitaria,0
Recursos Federales etiquetados,Desarrollo Social,Delegación Álvaro Obregón,7150.01
Recursos Federales etiquetados,Desarrollo Social,Delegación Azcapotzalco,0
Recursos Federales etiquetados,Desarrollo Social,Delegación Benito Juárez,86213195.55
Recursos Federales etiquetados,Desarrollo Social,Delegación Coyoacán,18778221.68
Recursos Federales etiquetados,Desarrollo Social,Delegación Cuajimalpa De Morelos,901521.64
Recursos Federales etiquetados,Desarrollo Social,Delegación Cuauhtémoc,138450007.2
Recursos Federales etiquetados,Desarrollo Social,Delegación Gustavo A. Madero,0
Recursos Federales etiquetados,Desarrollo Social,Delegación Iztacalco,920905.75
Recursos Federales etiquetados,Desarrollo Social,Delegación Iztapalapa,0
Recursos Federales etiquetados,Desarrollo Social,Delegación La Magdalena Contreras,475434
Recursos Federales etiquetados,Desarrollo Social,Delegación Tláhuac,33188285.2
Recursos Federales etiquetados,Desarrollo Social,Delegación Tlalpan,475434
Recursos Federales etiquetados,Desarrollo Social,Delegación Venustiano Carranza,83927017.98
Recursos Federales etiquetados,Desarrollo Social,Delegación Xochimilco,86352340.85
Recursos Federales etiquetados,Desarrollo Social,Fideicomiso Del Centro Histórico,42198909.71
Recursos Federales etiquetados,Desarrollo Social,Fideicomiso Museo De Arte Popular Mexicano,6005795.48
Recursos Federales etiquetados,Desarrollo Social,Fondo Ambiental Público,0
Recursos Federales etiquetados,Desarrollo Social,Fondo Para Las Acciones De Reconstrucción Y Para Otras Previsiones,0
Recursos Federales etiquetados,Desarrollo Social,Instituto De Capacitación Para El Trabajo De La Ciudad De México,11959064.67
Recursos Federales etiquetados,Desarrollo Social,Instituto Del Deporte,76328848.54
Recursos Federales etiquetados,Desarrollo Social,Régimen De Protección Social En Salud,222431336.8
Recursos Federales etiquetados,Desarrollo Social,Secretaría De Cultura,10355987.38
Recursos Federales etiquetados,Desarrollo Social,Secretaría De Desarrollo Rural Y Equidad Para Las Comunidades,3720000
Recursos Federales etiquetados,Desarrollo Social,Secretaría De Finanzas,0
Recursos Federales etiquetados,Desarrollo Social,Secretaría De Obras Y Servicios,47345963.93
Recursos Federales etiquetados,Desarrollo Social,Secretaría De Salud,1554464960
Recursos Federales etiquetados,Desarrollo Social,Secretaría Del Trabajo Y Fomento Al Empleo,20771933.77
Recursos Federales etiquetados,Desarrollo Social,Servicios De Salud Pública,1047663385
Recursos Federales etiquetados,Desarrollo Social,Sistema De Aguas De La Ciudad De México,412967240
Recursos Federales etiquetados,Desarrollo Social,Sistema Para El Desarrollo Integral De La Familia,685390431.8
Recursos Federales etiquetados,Desarrollo Social,Universidad Autónoma De La Ciudad De México,145135634.9
Recursos Federales etiquetados,Gobierno,"Centro de Comando, Control, Cómputo, Comunicaciones y Contacto Ciudadano",1124720469
Recursos Federales etiquetados,Gobierno,Consejería Jurídica Y De Servicios Legales,2534904.99
Recursos Federales etiquetados,Gobierno,Delegación Álvaro Obregón,2451357.6
Recursos Federales etiquetados,Gobierno,Delegación Azcapotzalco,1726815.5
Recursos Federales etiquetados,Gobierno,Delegación Benito Juárez,0
Recursos Federales etiquetados,Gobierno,Delegación Coyoacán,0
Recursos Federales etiquetados,Gobierno,Delegación Cuajimalpa De Morelos,900000
Recursos Federales etiquetados,Gobierno,Delegación Cuauhtémoc,0
Recursos Federales etiquetados,Gobierno,Delegación Gustavo A. Madero,5920990.98
Recursos Federales etiquetados,Gobierno,Delegación Iztacalco,1630000
Recursos Federales etiquetados,Gobierno,Delegación Iztapalapa,16338919.78
Recursos Federales etiquetados,Gobierno,Delegación La Magdalena Contreras,1161999.98
Recursos Federales etiquetados,Gobierno,Delegación Miguel Hidalgo,0
Recursos Federales etiquetados,Gobierno,Delegación Milpa Alta,0
Recursos Federales etiquetados,Gobierno,Delegación Tláhuac,984465.32
Recursos Federales etiquetados,Gobierno,Delegación Tlalpan,1443540
Recursos Federales etiquetados,Gobierno,Delegación Venustiano Carranza,0
Recursos Federales etiquetados,Gobierno,Delegación Xochimilco,0
Recursos Federales etiquetados,Gobierno,Heroico Cuerpo De Bomberos,59522848
Recursos Federales etiquetados,Gobierno,Instituto De Las Mujeres,10377267.14
Recursos Federales etiquetados,Gobierno,Instituto Del Deporte,8338036.48
Recursos Federales etiquetados,Gobierno,Secretaría De Salud,0
Recursos Federales etiquetados,Gobierno,Secretaría De Seguridad Pública,323481732.2
Recursos Federales etiquetados,Gobierno,Sistema Para El Desarrollo Integral De La Familia,216572101.4
RecursosFiscales y Otros Reursos de Libre Dsiposición,Desarrollo Económico,Agencia De Gestión Urbana De La Ciudad De México,22457760.8
RecursosFiscales y Otros Reursos de Libre Dsiposición,Desarrollo Económico,Coordinación De Los Centros De Transferencia Modal,154777587.3
RecursosFiscales y Otros Reursos de Libre Dsiposición,Desarrollo Económico,Delegación Álvaro Obregón,1374980.87
RecursosFiscales y Otros Reursos de Libre Dsiposición,Desarrollo Económico,Delegación Azcapotzalco,2439712.6
RecursosFiscales y Otros Reursos de Libre Dsiposición,Desarrollo Económico,Delegación Benito Juárez,0
RecursosFiscales y Otros Reursos de Libre Dsiposición,Desarrollo Económico,Delegación Coyoacán,35215000
RecursosFiscales y Otros Reursos de Libre Dsiposición,Desarrollo Económico,Delegación Cuajimalpa De Morelos,1999607
RecursosFiscales y Otros Reursos de Libre Dsiposición,Desarrollo Económico,Delegación Cuauhtémoc,0
RecursosFiscales y Otros Reursos de Libre Dsiposición,Desarrollo Económico,Delegación Gustavo A. Madero,68019700.48
RecursosFiscales y Otros Reursos de Libre Dsiposición,Desarrollo Económico,Delegación Iztacalco,3819013.18
RecursosFiscales y Otros Reursos de Libre Dsiposición,Desarrollo Económico,Delegación La Magdalena Contreras,1245016
RecursosFiscales y Otros Reursos de Libre Dsiposición,Desarrollo Económico,Delegación Miguel Hidalgo,14392545.1
RecursosFiscales y Otros Reursos de Libre Dsiposición,Desarrollo Económico,Delegación Milpa Alta,54176
RecursosFiscales y Otros Reursos de Libre Dsiposición,Desarrollo Económico,Delegación Tláhuac,180912
RecursosFiscales y Otros Reursos de Libre Dsiposición,Desarrollo Económico,Delegación Tlalpan,3162029
RecursosFiscales y Otros Reursos de Libre Dsiposición,Desarrollo Económico,Delegación Venustiano Carranza,10365011.12
RecursosFiscales y Otros Reursos de Libre Dsiposición,Desarrollo Económico,Delegación Xochimilco,0
RecursosFiscales y Otros Reursos de Libre Dsiposición,Desarrollo Económico,Fideicomiso Museo De Arte Popular Mexicano,140000
RecursosFiscales y Otros Reursos de Libre Dsiposición,Desarrollo Económico,Fideicomiso Para El Fondo De Promoción Para El Financiamiento Del Transporte Público,92600000
RecursosFiscales y Otros Reursos de Libre Dsiposición,Desarrollo Económico,Fondo Mixto De Promoción Turística De La Ciudad De México,800220715.1
RecursosFiscales y Otros Reursos de Libre Dsiposición,Desarrollo Económico,Fondo Para El Desarrollo Económico Y Social,41858023.17
RecursosFiscales y Otros Reursos de Libre Dsiposición,Desarrollo Económico,Fondo Para El Desarrollo Social,131492413.6
RecursosFiscales y Otros Reursos de Libre Dsiposición,Desarrollo Económico,Fondo Público De Atención Al Ciclista Y Al Peatón,0
RecursosFiscales y Otros Reursos de Libre Dsiposición,Desarrollo Económico,Metrobús,2116543975
RecursosFiscales y Otros Reursos de Libre Dsiposición,Desarrollo Económico,Órgano Regulador De Transporte,16229615.71
RecursosFiscales y Otros Reursos de Libre Dsiposición,Desarrollo Económico,Planta De Asfalto De La Ciudad De México,509850095.3
RecursosFiscales y Otros Reursos de Libre Dsiposición,Desarrollo Económico,Proyecto Metro De La Ciudad De México,15030357.74
RecursosFiscales y Otros Reursos de Libre Dsiposición,Desarrollo Económico,"Secretaría De Ciencia, Tecnología E Innovación",278699390.6
RecursosFiscales y Otros Reursos de Libre Dsiposición,Desarrollo Económico,Secretaría De Desarrollo Económico,308053069.2
RecursosFiscales y Otros Reursos de Libre Dsiposición,Desarrollo Económico,Secretaría De Desarrollo Rural Y Equidad Para Las Comunidades,216039145.3
RecursosFiscales y Otros Reursos de Libre Dsiposición,Desarrollo Económico,Secretaría De Gobierno,17815671.18
RecursosFiscales y Otros Reursos de Libre Dsiposición,Desarrollo Económico,Secretaría De Movilidad,562802073.5
RecursosFiscales y Otros Reursos de Libre Dsiposición,Desarrollo Económico,Secretaría De Obras Y Servicios,3070713299
RecursosFiscales y Otros Reursos de Libre Dsiposición,Desarrollo Económico,Secretaría De Turismo,85987515.93
RecursosFiscales y Otros Reursos de Libre Dsiposición,Desarrollo Económico,Secretaría Del Trabajo Y Fomento Al Empleo,40500759.55
RecursosFiscales y Otros Reursos de Libre Dsiposición,Desarrollo Económico,Servicio De Transportes Eléctricos De La Ciudad De México,1110266700
RecursosFiscales y Otros Reursos de Libre Dsiposición,Desarrollo Económico,Sistema De Movilidad 1,2088115341
RecursosFiscales y Otros Reursos de Libre Dsiposición,Desarrollo Económico,Sistema De Transporte Colectivo Metro,1679859428
RecursosFiscales y Otros Reursos de Libre Dsiposición,Desarrollo Económico,Sistema Para El Desarrollo Integral De La Familia,10717102.07
RecursosFiscales y Otros Reursos de Libre Dsiposición,Desarrollo Social,Agencia De Atención Animal De La Ciudad De México,9202141.9
RecursosFiscales y Otros Reursos de Libre Dsiposición,Desarrollo Social,Agencia De Gestión Urbana De La Ciudad De México,1993872215
RecursosFiscales y Otros Reursos de Libre Dsiposición,Desarrollo Social,Agencia De Protección Sanitaria,13882953.88
RecursosFiscales y Otros Reursos de Libre Dsiposición,Desarrollo Social,Agencia De Resiliencia De La Ciudad De México,13786990.88
RecursosFiscales y Otros Reursos de Libre Dsiposición,Desarrollo Social,"Autoridad de la Zona Patrimonio Mundial Natural y Cultural de la Humanidad en Xochimilco, Tláhuac y Milpa Alta",37546069.49
RecursosFiscales y Otros Reursos de Libre Dsiposición,Desarrollo Social,Autoridad Del Centro Histórico,35523053.04
RecursosFiscales y Otros Reursos de Libre Dsiposición,Desarrollo Social,Autoridad Del Espacio Público,10166695.49
RecursosFiscales y Otros Reursos de Libre Dsiposición,Desarrollo Social,Caja De Previsión De La Policía Preventiva,231122651
RecursosFiscales y Otros Reursos de Libre Dsiposición,Desarrollo Social,Caja De Previsión Para Trabajadores A Lista De Raya,1916020239
RecursosFiscales y Otros Reursos de Libre Dsiposición,Desarrollo Social,Consejo Para Prevenir Y Eliminar La Discriminación,45437697.26
RecursosFiscales y Otros Reursos de Libre Dsiposición,Desarrollo Social,Delegación Álvaro Obregón,222673305.4
RecursosFiscales y Otros Reursos de Libre Dsiposición,Desarrollo Social,Delegación Azcapotzalco,112643963.4
RecursosFiscales y Otros Reursos de Libre Dsiposición,Desarrollo Social,Delegación Benito Juárez,61474647.14
RecursosFiscales y Otros Reursos de Libre Dsiposición,Desarrollo Social,Delegación Coyoacán,477310007.6
RecursosFiscales y Otros Reursos de Libre Dsiposición,Desarrollo Social,Delegación Cuajimalpa De Morelos,580984796.5
RecursosFiscales y Otros Reursos de Libre Dsiposición,Desarrollo Social,Delegación Cuauhtémoc,210653553
RecursosFiscales y Otros Reursos de Libre Dsiposición,Desarrollo Social,Delegación Gustavo A. Madero,340272704.4
RecursosFiscales y Otros Reursos de Libre Dsiposición,Desarrollo Social,Delegación Iztacalco,167553552.9
RecursosFiscales y Otros Reursos de Libre Dsiposición,Desarrollo Social,Delegación Iztapalapa,840193238.3
RecursosFiscales y Otros Reursos de Libre Dsiposición,Desarrollo Social,Delegación La Magdalena Contreras,340053748.2
RecursosFiscales y Otros Reursos de Libre Dsiposición,Desarrollo Social,Delegación Miguel Hidalgo,154050614.6
RecursosFiscales y Otros Reursos de Libre Dsiposición,Desarrollo Social,Delegación Milpa Alta,145889111.9
RecursosFiscales y Otros Reursos de Libre Dsiposición,Desarrollo Social,Delegación Tláhuac,99698996.15
RecursosFiscales y Otros Reursos de Libre Dsiposición,Desarrollo Social,Delegación Tlalpan,136677478
RecursosFiscales y Otros Reursos de Libre Dsiposición,Desarrollo Social,Delegación Venustiano Carranza,467321281.5
RecursosFiscales y Otros Reursos de Libre Dsiposición,Desarrollo Social,Delegación Xochimilco,96490332.25
RecursosFiscales y Otros Reursos de Libre Dsiposición,Desarrollo Social,Escuela De Administración Pública,29890702.79
RecursosFiscales y Otros Reursos de Libre Dsiposición,Desarrollo Social,Fideicomiso De Recuperación Crediticia,36562305
RecursosFiscales y Otros Reursos de Libre Dsiposición,Desarrollo Social,Fideicomiso Del Centro Histórico,92641394.52
RecursosFiscales y Otros Reursos de Libre Dsiposición,Desarrollo Social,Fideicomiso Educación Garantizada,3263694844
RecursosFiscales y Otros Reursos de Libre Dsiposición,Desarrollo Social,Fideicomiso Museo De Arte Popular Mexicano,19328866.2
RecursosFiscales y Otros Reursos de Libre Dsiposición,Desarrollo Social,Fideicomiso Museo Del Estanquillo,22763029.82
RecursosFiscales y Otros Reursos de Libre Dsiposición,Desarrollo Social,Fideicomiso Para La Promoción Y Desarrollo Del Cine Mexicano,4893414
RecursosFiscales y Otros Reursos de Libre Dsiposición,Desarrollo Social,Fideicomiso Público Para La Reconstrucción Y Rehabilitación De Viviendas De Uso Habitacional,3983093820
RecursosFiscales y Otros Reursos de Libre Dsiposición,Desarrollo Social,Fondo Ambiental Público,489582136.7
RecursosFiscales y Otros Reursos de Libre Dsiposición,Desarrollo Social,Fondo Para Las Acciones De Reconstrucción Y Para Otras Previsiones,0
RecursosFiscales y Otros Reursos de Libre Dsiposición,Desarrollo Social,Heroico Cuerpo De Bomberos,0
RecursosFiscales y Otros Reursos de Libre Dsiposición,Desarrollo Social,Instituto De Capacitación Para El Trabajo De La Ciudad De México,52966599.41
RecursosFiscales y Otros Reursos de Libre Dsiposición,Desarrollo Social,Instituto De Educación Media Superior,1705644284
RecursosFiscales y Otros Reursos de Libre Dsiposición,Desarrollo Social,Instituto De La Juventud,156780819.8
RecursosFiscales y Otros Reursos de Libre Dsiposición,Desarrollo Social,Instituto De Vivienda,7839484673
RecursosFiscales y Otros Reursos de Libre Dsiposición,Desarrollo Social,Instituto Del Deporte,134365192.6
RecursosFiscales y Otros Reursos de Libre Dsiposición,Desarrollo Social,Instituto Local De La Infraestructura Física Educativa,47835917.46
RecursosFiscales y Otros Reursos de Libre Dsiposición,Desarrollo Social,Instituto Para La Atención Y Prevención De Las Adicciones En La Ciudad De México,145088093.4
RecursosFiscales y Otros Reursos de Libre Dsiposición,Desarrollo Social,"Procdmx, S.A. De C.V.",26093311.75
RecursosFiscales y Otros Reursos de Libre Dsiposición,Desarrollo Social,Procuraduría General De Justicia,12453841.34
RecursosFiscales y Otros Reursos de Libre Dsiposición,Desarrollo Social,Procuraduría Social,171474988.5
RecursosFiscales y Otros Reursos de Libre Dsiposición,Desarrollo Social,Régimen De Protección Social En Salud,3859416
RecursosFiscales y Otros Reursos de Libre Dsiposición,Desarrollo Social,Secretaría De Cultura,562102036.9
RecursosFiscales y Otros Reursos de Libre Dsiposición,Desarrollo Social,Secretaría De Desarrollo Rural Y Equidad Para Las Comunidades,67784428.36
RecursosFiscales y Otros Reursos de Libre Dsiposición,Desarrollo Social,Secretaría De Desarrollo Social,3406856871
RecursosFiscales y Otros Reursos de Libre Dsiposición,Desarrollo Social,Secretaría De Desarrollo Urbano Y Vivienda,344152596.6
RecursosFiscales y Otros Reursos de Libre Dsiposición,Desarrollo Social,Secretaría De Educación,606519282.6
RecursosFiscales y Otros Reursos de Libre Dsiposición,Desarrollo Social,Secretaría De Gobierno,42044872.47
RecursosFiscales y Otros Reursos de Libre Dsiposición,Desarrollo Social,Secretaría De Movilidad,0
RecursosFiscales y Otros Reursos de Libre Dsiposición,Desarrollo Social,Secretaría De Obras Y Servicios,607747474.1
RecursosFiscales y Otros Reursos de Libre Dsiposición,Desarrollo Social,Secretaría De Salud,7879651548
RecursosFiscales y Otros Reursos de Libre Dsiposición,Desarrollo Social,Secretaría De Seguridad Pública,636287.82
RecursosFiscales y Otros Reursos de Libre Dsiposición,Desarrollo Social,Secretaría Del Medio Ambiente,1015658373
RecursosFiscales y Otros Reursos de Libre Dsiposición,Desarrollo Social,Secretaría Del Trabajo Y Fomento Al Empleo,441131425.3
RecursosFiscales y Otros Reursos de Libre Dsiposición,Desarrollo Social,Servicios De Salud Pública,212830283.4
RecursosFiscales y Otros Reursos de Libre Dsiposición,Desarrollo Social,Sistema De Aguas De La Ciudad De México,2303796590
RecursosFiscales y Otros Reursos de Libre Dsiposición,Desarrollo Social,Sistema De Radio Y Televisión Digital,106852243.3
RecursosFiscales y Otros Reursos de Libre Dsiposición,Desarrollo Social,Sistema De Transporte Colectivo Metro,387651.12
RecursosFiscales y Otros Reursos de Libre Dsiposición,Desarrollo Social,Sistema Para El Desarrollo Integral De La Familia,3525899202
RecursosFiscales y Otros Reursos de Libre Dsiposición,Desarrollo Social,Universidad Autónoma De La Ciudad De México,1191870037
RecursosFiscales y Otros Reursos de Libre Dsiposición,Gobierno,Agencia De Atención Animal De La Ciudad De México,159216.27
RecursosFiscales y Otros Reursos de Libre Dsiposición,Gobierno,Agencia De Gestión Urbana De La Ciudad De México,384538058.3
RecursosFiscales y Otros Reursos de Libre Dsiposición,Gobierno,Agencia De Protección Sanitaria,154624.05
RecursosFiscales y Otros Reursos de Libre Dsiposición,Gobierno,Agencia De Resiliencia De La Ciudad De México,303012.92
RecursosFiscales y Otros Reursos de Libre Dsiposición,Gobierno,Asamblea Legislativa,2366054290
RecursosFiscales y Otros Reursos de Libre Dsiposición,Gobierno,Auditoría Superior De La Ciudad De México,755084655
RecursosFiscales y Otros Reursos de Libre Dsiposición,Gobierno,"Autoridad de la Zona Patrimonio Mundial Natural y Cultural de la Humanidad en Xochimilco, Tláhuac y Milpa Alta",0
RecursosFiscales y Otros Reursos de Libre Dsiposición,Gobierno,Autoridad Del Centro Histórico,24940
RecursosFiscales y Otros Reursos de Libre Dsiposición,Gobierno,Autoridad Del Espacio Público,32217493.51
RecursosFiscales y Otros Reursos de Libre Dsiposición,Gobierno,"Centro de Comando, Control, Cómputo, Comunicaciones y Contacto Ciudadano",164278731.2
RecursosFiscales y Otros Reursos de Libre Dsiposición,Gobierno,Comisión De Derechos Humanos,435447554
RecursosFiscales y Otros Reursos de Libre Dsiposición,Gobierno,Consejería Jurídica Y De Servicios Legales,1322724701
RecursosFiscales y Otros Reursos de Libre Dsiposición,Gobierno,Consejo De Evaluación Del Desarrollo Social,37867065.12
RecursosFiscales y Otros Reursos de Libre Dsiposición,Gobierno,Consejo De La Judicatura De La Ciudad De México,213514882
RecursosFiscales y Otros Reursos de Libre Dsiposición,Gobierno,Consejo Para Prevenir Y Eliminar La Discriminación,15864.01
RecursosFiscales y Otros Reursos de Libre Dsiposición,Gobierno,Coordinación De Los Centros De Transferencia Modal,1488870.21
RecursosFiscales y Otros Reursos de Libre Dsiposición,Gobierno,Delegación Álvaro Obregón,104179741.4
RecursosFiscales y Otros Reursos de Libre Dsiposición,Gobierno,Delegación Azcapotzalco,1180925.11
RecursosFiscales y Otros Reursos de Libre Dsiposición,Gobierno,Delegación Benito Juárez,0
RecursosFiscales y Otros Reursos de Libre Dsiposición,Gobierno,Delegación Coyoacán,0
RecursosFiscales y Otros Reursos de Libre Dsiposición,Gobierno,Delegación Cuajimalpa De Morelos,26641362.72
RecursosFiscales y Otros Reursos de Libre Dsiposición,Gobierno,Delegación Cuauhtémoc,23602438.48
RecursosFiscales y Otros Reursos de Libre Dsiposición,Gobierno,Delegación Gustavo A. Madero,205818055.6
RecursosFiscales y Otros Reursos de Libre Dsiposición,Gobierno,Delegación Iztacalco,59839010.54
RecursosFiscales y Otros Reursos de Libre Dsiposición,Gobierno,Delegación Iztapalapa,0
RecursosFiscales y Otros Reursos de Libre Dsiposición,Gobierno,Delegación La Magdalena Contreras,111555778.8
RecursosFiscales y Otros Reursos de Libre Dsiposición,Gobierno,Delegación Miguel Hidalgo,4776194.08
RecursosFiscales y Otros Reursos de Libre Dsiposición,Gobierno,Delegación Milpa Alta,55087599.4
RecursosFiscales y Otros Reursos de Libre Dsiposición,Gobierno,Delegación Tláhuac,117974498.3
RecursosFiscales y Otros Reursos de Libre Dsiposición,Gobierno,Delegación Tlalpan,73752153.23
RecursosFiscales y Otros Reursos de Libre Dsiposición,Gobierno,Delegación Venustiano Carranza,99008274.72
RecursosFiscales y Otros Reursos de Libre Dsiposición,Gobierno,Delegación Xochimilco,83357383.07
RecursosFiscales y Otros Reursos de Libre Dsiposición,Gobierno,Deuda Pública,130294983.1
RecursosFiscales y Otros Reursos de Libre Dsiposición,Gobierno,Escuela De Administración Pública,74424949.3
RecursosFiscales y Otros Reursos de Libre Dsiposición,Gobierno,Fideicomiso De Recuperación Crediticia,19090828
RecursosFiscales y Otros Reursos de Libre Dsiposición,Gobierno,Fideicomiso Del Centro Histórico,8846948.63
RecursosFiscales y Otros Reursos de Libre Dsiposición,Gobierno,Fideicomiso Educación Garantizada,1283934.37
RecursosFiscales y Otros Reursos de Libre Dsiposición,Gobierno,Fideicomiso Museo De Arte Popular Mexicano,56000
RecursosFiscales y Otros Reursos de Libre Dsiposición,Gobierno,Fideicomiso Museo Del Estanquillo,383767.78
RecursosFiscales y Otros Reursos de Libre Dsiposición,Gobierno,Fideicomiso Para La Promoción Y Desarrollo Del Cine Mexicano,75000
RecursosFiscales y Otros Reursos de Libre Dsiposición,Gobierno,Fondo De Apoyo A La Procuración De Justicia,16594079.18
RecursosFiscales y Otros Reursos de Libre Dsiposición,Gobierno,Fondo Mixto De Promoción Turística De La Ciudad De México,483793.7
RecursosFiscales y Otros Reursos de Libre Dsiposición,Gobierno,Fondo Para El Desarrollo Económico Y Social,0
RecursosFiscales y Otros Reursos de Libre Dsiposición,Gobierno,Fondo Para La Atención Y Apoyo A Las Víctimas Del Delito,0
RecursosFiscales y Otros Reursos de Libre Dsiposición,Gobierno,Fondo Para Las Acciones De Reconstrucción Y Para Otras Previsiones,0
RecursosFiscales y Otros Reursos de Libre Dsiposición,Gobierno,Heroico Cuerpo De Bomberos,2097653615
RecursosFiscales y Otros Reursos de Libre Dsiposición,Gobierno,Instituto De Capacitación Para El Trabajo De La Ciudad De México,27224.04
RecursosFiscales y Otros Reursos de Libre Dsiposición,Gobierno,Instituto De Educación Media Superior,6159280.82
RecursosFiscales y Otros Reursos de Libre Dsiposición,Gobierno,Instituto De Formación Profesional,36444017.68
RecursosFiscales y Otros Reursos de Libre Dsiposición,Gobierno,Instituto De La Juventud,65543891.79
RecursosFiscales y Otros Reursos de Libre Dsiposición,Gobierno,Instituto De Las Mujeres,266742101.9
RecursosFiscales y Otros Reursos de Libre Dsiposición,Gobierno,Instituto De Las Personas Con Discapacidad De La Ciudad De México,50590132.91
RecursosFiscales y Otros Reursos de Libre Dsiposición,Gobierno,"Instituto De Transparencia, Acceso A La Información Pública, Protección De Datos Personales Y Rendición De Cuentas De La Ciudad De México",143448360
RecursosFiscales y Otros Reursos de Libre Dsiposición,Gobierno,Instituto De Verificación Administrativa,768466880.1
RecursosFiscales y Otros Reursos de Libre Dsiposición,Gobierno,Instituto Del Deporte,6982574.54
RecursosFiscales y Otros Reursos de Libre Dsiposición,Gobierno,Instituto Electoral,2028180768
RecursosFiscales y Otros Reursos de Libre Dsiposición,Gobierno,Instituto Local De La Infraestructura Física Educativa,924955.88
RecursosFiscales y Otros Reursos de Libre Dsiposición,Gobierno,Instituto Para La Atención Y Prevención De Las Adicciones En La Ciudad De México,297528.26
RecursosFiscales y Otros Reursos de Libre Dsiposición,Gobierno,Instituto Para La Seguridad De Las Construcciones,273168487.4
RecursosFiscales y Otros Reursos de Libre Dsiposición,Gobierno,Jefatura de Gobierno,189315206.9
RecursosFiscales y Otros Reursos de Libre Dsiposición,Gobierno,Junta Local De Conciliación Y Arbitraje,432620832
RecursosFiscales y Otros Reursos de Libre Dsiposición,Gobierno,Mecanismo Para La Protección Integral De Personas Defensoras De Derechos Humanos Y Periodistas De La Ciudad De México,26811197.7
RecursosFiscales y Otros Reursos de Libre Dsiposición,Gobierno,Metrobús,245000
RecursosFiscales y Otros Reursos de Libre Dsiposición,Gobierno,Oficialía Mayor,788270506.4
RecursosFiscales y Otros Reursos de Libre Dsiposición,Gobierno,Órgano Regulador De Transporte,0
RecursosFiscales y Otros Reursos de Libre Dsiposición,Gobierno,Planta De Asfalto De La Ciudad De México,450000
RecursosFiscales y Otros Reursos de Libre Dsiposición,Gobierno,Policía Auxiliar,6434025612
RecursosFiscales y Otros Reursos de Libre Dsiposición,Gobierno,Policía Bancaria E Industrial,4078431489
RecursosFiscales y Otros Reursos de Libre Dsiposición,Gobierno,"Procdmx, S.A. De C.V.",1711831.5
RecursosFiscales y Otros Reursos de Libre Dsiposición,Gobierno,Procuraduría Ambiental Y Del Ordenamiento Territorial,212180202.5
RecursosFiscales y Otros Reursos de Libre Dsiposición,Gobierno,Procuraduría General De Justicia,1690801693
RecursosFiscales y Otros Reursos de Libre Dsiposición,Gobierno,Procuraduría Social,196544497.8
RecursosFiscales y Otros Reursos de Libre Dsiposición,Gobierno,Proyecto Metro De La Ciudad De México,104122.75
RecursosFiscales y Otros Reursos de Libre Dsiposición,Gobierno,"Secretaría De Ciencia, Tecnología E Innovación",1074980.36
RecursosFiscales y Otros Reursos de Libre Dsiposición,Gobierno,Secretaría De Cultura,1429089.47
RecursosFiscales y Otros Reursos de Libre Dsiposición,Gobierno,Secretaría De Desarrollo Económico,11125397.56
RecursosFiscales y Otros Reursos de Libre Dsiposición,Gobierno,Secretaría De Desarrollo Rural Y Equidad Para Las Comunidades,8349351.11
RecursosFiscales y Otros Reursos de Libre Dsiposición,Gobierno,Secretaría De Desarrollo Social,14535514.26
RecursosFiscales y Otros Reursos de Libre Dsiposición,Gobierno,Secretaría De Desarrollo Urbano Y Vivienda,68303859.75
RecursosFiscales y Otros Reursos de Libre Dsiposición,Gobierno,Secretaría De Educación,76689730.3
RecursosFiscales y Otros Reursos de Libre Dsiposición,Gobierno,Secretaría De Finanzas,1679961487
RecursosFiscales y Otros Reursos de Libre Dsiposición,Gobierno,Secretaría De Gobierno,609144788.7
RecursosFiscales y Otros Reursos de Libre Dsiposición,Gobierno,Secretaria De La Contraloría General De La Ciudad De México,437791310.6
RecursosFiscales y Otros Reursos de Libre Dsiposición,Gobierno,Secretaría De Movilidad,836820487.1
RecursosFiscales y Otros Reursos de Libre Dsiposición,Gobierno,Secretaría De Obras Y Servicios,395370198.4
RecursosFiscales y Otros Reursos de Libre Dsiposición,Gobierno,Secretaría De Protección Civil,125549177
RecursosFiscales y Otros Reursos de Libre Dsiposición,Gobierno,Secretaría De Salud,3007881.37
RecursosFiscales y Otros Reursos de Libre Dsiposición,Gobierno,Secretaría De Seguridad Pública,1557195138
RecursosFiscales y Otros Reursos de Libre Dsiposición,Gobierno,Secretaría De Turismo,57000
RecursosFiscales y Otros Reursos de Libre Dsiposición,Gobierno,Secretaría Del Medio Ambiente,622598.89
RecursosFiscales y Otros Reursos de Libre Dsiposición,Gobierno,Secretaría Del Trabajo Y Fomento Al Empleo,69611122.29
RecursosFiscales y Otros Reursos de Libre Dsiposición,Gobierno,Secretaría Ejecutiva Del Mecanismo De Seguimiento Y Evaluación Del Programa De Derechos Humanos,8740362.64
RecursosFiscales y Otros Reursos de Libre Dsiposición,Gobierno,Servicio De Transportes Eléctricos De La Ciudad De México,686435432.9
RecursosFiscales y Otros Reursos de Libre Dsiposición,Gobierno,Sistema De Movilidad 1,333383904.9
RecursosFiscales y Otros Reursos de Libre Dsiposición,Gobierno,Sistema De Radio Y Televisión Digital,1516878
RecursosFiscales y Otros Reursos de Libre Dsiposición,Gobierno,Sistema De Transporte Colectivo Metro,81487833.02
RecursosFiscales y Otros Reursos de Libre Dsiposición,Gobierno,Sistema Para El Desarrollo Integral De La Familia,567290055.7
RecursosFiscales y Otros Reursos de Libre Dsiposición,Gobierno,Tesorería,3652356735
RecursosFiscales y Otros Reursos de Libre Dsiposición,Gobierno,Tribunal De Justicia Administrativa De La Ciudad De México,525046942
RecursosFiscales y Otros Reursos de Libre Dsiposición,Gobierno,Tribunal Electoral,336233978
RecursosFiscales y Otros Reursos de Libre Dsiposición,Gobierno,Tribunal Superior De Justicia De La Ciudad De México,6207047517
RecursosFiscales y Otros Reursos de Libre Dsiposición,Gobierno,Universidad De La Policía De La Ciudad De México,108498255.7
RecursosFiscales y Otros Reursos de Libre Dsiposición,Otras no Clasificadas en Funciones Anteriores,Deuda Pública,6390468797
